Date,Time,Totaltodo,In-Progress,Completed
2026-04-28,18:41:29,28,17,11
04-28,18:42,28,17,11
04-29,01:58,28,17,11
04-29,10:03,10,5,5
04-30,10:04,9,4,5
05-01,09:44,9,4,5
05-02,09:04,9,4,5
05-03,09:20,9,4,5
05-04,10:11,9,4,5
05-05,10:00,9,4,5
05-06,10:15,9,4,5
05-07,10:22,9,4,5
05-08,09:17,9,4,5
05-09,09:17,9,4,5
05-10,09:26,9,4,5
05-11,10:59,9,4,5
05-12,10:29,9,4,5
05-13,10:24,9,4,5
05-14,10:13,9,4,5
05-15,10:21,9,4,5
05-16,09:28,9,4,5
05-17,09:45,9,4,5
05-18,11:42,9,4,5
05-19,11:15,9,4,5
05-20,10:48,9,5,4
05-21,11:20,8,4,4
05-22,10:48,7,3,4
05-23,09:50,7,3,4
05-24,09:52,6,2,4
05-25,11:51,6,2,4
05-27,11:36,7,7,0
05-28,11:36,6,6,0
05-28,18:28,0,0,0
05-29,11:26,0,0,0
05-30,09:58,0,0,0
05-31,10:13,0,0,0
06-01,13:34,0,0,0
06-02,12:02,0,0,0
06-03,12:39,0,0,0
06-04,10:58,0,0,0
06-05,11:26,0,0,0
06-06,10:01,0,0,0
06-07,10:26,0,0,0
06-08,12:26,0,0,0
06-09,10:58,0,0,0
06-10,11:37,0,0,0
06-11,12:08,0,0,0
06-12,11:41,0,0,0
06-13,10:26,0,0,0
06-14,10:47,0,0,0
06-15,13:52,0,0,0
06-16,12:51,0,0,0
06-17,12:14,0,0,0
06-18,11:49,0,0,0
06-19,12:04,0,0,0
06-20,10:30,0,0,0
06-21,11:13,0,0,0
06-22,13:32,0,0,0
06-23,11:13,0,0,0
06-24,10:46,0,0,0
06-25,10:39,0,0,0
06-26,10:48,0,0,0
06-27,10:05,0,0,0
06-28,10:25,0,0,0
06-29,12:29,0,0,0
06-30,10:54,0,0,0
07-01,11:21,0,0,0
07-02,10:35,0,0,0
07-03,10:32,0,0,0
07-04,10:07,0,0,0
07-05,10:10,0,0,0
07-06,12:02,0,0,0
07-07,10:53,0,0,0
